category,code,title,description,href,image_key,path
AI,cbs,cbs,,,AI/cbs.png,D:\Codex\云相关的操作\Draw.IO\official-huaweicloud-product-icons\images\AI\cbs.png
AI,Moderation,Content Moderation,"Detect inappropriate content in images, text, and videos",https://www.huaweicloud.com/intl/en-us/product/moderation.html,AI/Moderation.png,D:\Codex\云相关的操作\Draw.IO\official-huaweicloud-product-icons\images\AI\Moderation.png
AI,eihealth,EIHealth,"Use AI to facilitate genomics, drug discovery, and medical imaging",https://www.huaweicloud.com/intl/en-us/product/eihealth.html,AI/eihealth.png,D:\Codex\云相关的操作\Draw.IO\official-huaweicloud-product-icons\images\AI\eihealth.png
AI,FRS,FRS,,,AI/FRS.png,D:\Codex\云相关的操作\Draw.IO\official-huaweicloud-product-icons\images\AI\FRS.png
AI,ges,Graph Engine Service (GES),Query and analyze graph-structure data based on relationships,https://www.huaweicloud.com/intl/en-us/product/ges.html,AI/ges.png,D:\Codex\云相关的操作\Draw.IO\official-huaweicloud-product-icons\images\AI\ges.png
AI,hilens,Huawei HiLens (HiLens),Use this platform for multimodal AI development,https://www.huaweicloud.com/intl/en-us/product/hilens.html,AI/hilens.png,D:\Codex\云相关的操作\Draw.IO\official-huaweicloud-product-icons\images\AI\hilens.png
AI,Image,Image Recognition,Identify visual content in images,https://www.huaweicloud.com/intl/en-us/product/image.html,AI/Image.png,D:\Codex\云相关的操作\Draw.IO\official-huaweicloud-product-icons\images\AI\Image.png
AI,VIAS,Intelligent Video Analysis Service,"VIAS is a comprehensive solution for AI-driven video analytics, event detection",https://www.huaweicloud.com/intl/en-us/product/vias.html,AI/VIAS.png,D:\Codex\云相关的操作\Draw.IO\official-huaweicloud-product-icons\images\AI\VIAS.png
AI,ivs,ivs,,,AI/ivs.png,D:\Codex\云相关的操作\Draw.IO\official-huaweicloud-product-icons\images\AI\ivs.png
AI,MaaS,MaaS,"Ultimate Performance, Intuitive Tokens Service",https://www.huaweicloud.com/intl/en-us/product/maas.html,AI/MaaS.png,D:\Codex\云相关的操作\Draw.IO\official-huaweicloud-product-icons\images\AI\MaaS.png
AI,ModelArts,ModelArts,"Build, train, and deploy machine learning models quickly and easily",https://www.huaweicloud.com/intl/en-us/product/modelarts.html,AI/ModelArts.png,D:\Codex\云相关的操作\Draw.IO\official-huaweicloud-product-icons\images\AI\ModelArts.png
AI,Octopus,Octopus,,,AI/Octopus.png,D:\Codex\云相关的操作\Draw.IO\official-huaweicloud-product-icons\images\AI\Octopus.png
AI,OCR,Optical Character Recognition (OCR),Detect and extract text from any image and convert the text into JSON format,https://www.huaweicloud.com/intl/en-us/product/ocr.html,AI/OCR.png,D:\Codex\云相关的操作\Draw.IO\official-huaweicloud-product-icons\images\AI\OCR.png
AI,OptVerse,OptVerse,,,AI/OptVerse.png,D:\Codex\云相关的操作\Draw.IO\official-huaweicloud-product-icons\images\AI\OptVerse.png
AI,pangu,PanguLargeModels,Reshape your industry with large AI models,https://www.huaweicloud.com/intl/en-us/product/pangu.html,AI/pangu.png,D:\Codex\云相关的操作\Draw.IO\official-huaweicloud-product-icons\images\AI\pangu.png
AI,cbsqa,Question Answering Bot (QABot),Build and manage intelligent Q&A bots,https://www.huaweicloud.com/intl/en-us/product/cbsqa.html,AI/cbsqa.png,D:\Codex\云相关的操作\Draw.IO\official-huaweicloud-product-icons\images\AI\cbsqa.png
AI,asr,Short Sentence Recognition,Convert short audio files (up to a minute long) into text,https://www.huaweicloud.com/intl/en-us/product/asr.html,AI/asr.png,D:\Codex\云相关的操作\Draw.IO\official-huaweicloud-product-icons\images\AI\asr.png
AI,sis,sis,,,AI/sis.png,D:\Codex\云相关的操作\Draw.IO\official-huaweicloud-product-icons\images\AI\sis.png
Analytics,CSS,Cloud Search Service (CSS),Query accurately by multiple conditions,https://www.huaweicloud.com/intl/en-us/product/css.html,Analytics/CSS.png,D:\Codex\云相关的操作\Draw.IO\official-huaweicloud-product-icons\images\Analytics\CSS.png
Analytics,CS,Cloud Stream Service (CS),Process streaming data in real time,https://www.huaweicloud.com/intl/en-us/product/cs.html,Analytics/CS.png,D:\Codex\云相关的操作\Draw.IO\official-huaweicloud-product-icons\images\Analytics\CS.png
Analytics,CloudTable,CloudTable,,,Analytics/CloudTable.png,D:\Codex\云相关的操作\Draw.IO\official-huaweicloud-product-icons\images\Analytics\CloudTable.png
Analytics,DIS,Data Ingestion Service (DIS),"Ingest, process, and dump data in real time",https://www.huaweicloud.com/intl/en-us/product/dis.html,Analytics/DIS.png,D:\Codex\云相关的操作\Draw.IO\official-huaweicloud-product-icons\images\Analytics\DIS.png
Analytics,DLI,Data Lake Insight (DLI),Analyze and process streaming and batch data,https://www.huaweicloud.com/intl/en-us/product/dli.html,Analytics/DLI.png,D:\Codex\云相关的操作\Draw.IO\official-huaweicloud-product-icons\images\Analytics\DLI.png
Analytics,DLV,Data Lake Visualization (DLV),Create dashboards to track and display complex data in real time,https://www.huaweicloud.com/intl/en-us/product/dlv.html,Analytics/DLV.png,D:\Codex\云相关的操作\Draw.IO\official-huaweicloud-product-icons\images\Analytics\DLV.png
Analytics,DWS,Data Warehouse Service (DWS),"Give your warehouse market-leading performance, superlative stability, and on-demand scaling",https://www.huaweicloud.com/intl/en-us/product/dws.html,Analytics/DWS.png,D:\Codex\云相关的操作\Draw.IO\official-huaweicloud-product-icons\images\Analytics\DWS.png
Analytics,DataArtsFabric,DataArts Fabric,"A comprehensive, one-stop platform for data and AI development",https://www.huaweicloud.com/intl/en-us/product/dataartsfabric.html,Analytics/DataArtsFabric.png,D:\Codex\云相关的操作\Draw.IO\official-huaweicloud-product-icons\images\Analytics\DataArtsFabric.png
Analytics,DataArts,DataArts Studio,Manage your data development and governance in one place,https://www.huaweicloud.com/intl/en-us/product/dayu.html,Analytics/DataArts.png,D:\Codex\云相关的操作\Draw.IO\official-huaweicloud-product-icons\images\Analytics\DataArts.png
Analytics,DataArts-Insight,DataArts-Insight,,,Analytics/DataArts-Insight.png,D:\Codex\云相关的操作\Draw.IO\official-huaweicloud-product-icons\images\Analytics\DataArts-Insight.png
Analytics,FlexusCSS,FlexusCSS,,,Analytics/FlexusCSS.svg,D:\Codex\云相关的操作\Draw.IO\official-huaweicloud-product-icons\images\Analytics\FlexusCSS.svg
Analytics,LakeFormation,LakeFormation,,,Analytics/LakeFormation.png,D:\Codex\云相关的操作\Draw.IO\official-huaweicloud-product-icons\images\Analytics\LakeFormation.png
Analytics,Log,Log,,,Analytics/Log.png,D:\Codex\云相关的操作\Draw.IO\official-huaweicloud-product-icons\images\Analytics\Log.png
Analytics,MapReduce,MapReduce Service (MRS),Run open source analytics workloads on high-availability big data clusters,https://www.huaweicloud.com/intl/en-us/product/mrs.html,Analytics/MapReduce.png,D:\Codex\云相关的操作\Draw.IO\official-huaweicloud-product-icons\images\Analytics\MapReduce.png
Analytics,TICS,TICS,,,Analytics/TICS.png,D:\Codex\云相关的操作\Draw.IO\official-huaweicloud-product-icons\images\Analytics\TICS.png
aPaaS,AppStage,AppStage,,,aPaaS/AppStage.png,D:\Codex\云相关的操作\Draw.IO\official-huaweicloud-product-icons\images\aPaaS\AppStage.png
aPaaS,EDS,EDS,,,aPaaS/EDS.png,D:\Codex\云相关的操作\Draw.IO\official-huaweicloud-product-icons\images\aPaaS\EDS.png
aPaaS,KooDrive,KooDrive,A digital content center for streamlined collaboration,https://www.huaweicloud.com/intl/en-us/product/koodrive.html,aPaaS/KooDrive.png,D:\Codex\云相关的操作\Draw.IO\official-huaweicloud-product-icons\images\aPaaS\KooDrive.png
aPaaS,KooMap,KooMap,,,aPaaS/KooMap.png,D:\Codex\云相关的操作\Draw.IO\official-huaweicloud-product-icons\images\aPaaS\KooMap.png
aPaaS,KooMessage,KooMessage,One-stop Rich Media Messaging,https://www.huaweicloud.com/intl/en-us/product/koomessage.html,aPaaS/KooMessage.png,D:\Codex\云相关的操作\Draw.IO\official-huaweicloud-product-icons\images\aPaaS\KooMessage.png
aPaaS,KooPhone,KooPhone,,,aPaaS/KooPhone.png,D:\Codex\云相关的操作\Draw.IO\official-huaweicloud-product-icons\images\aPaaS\KooPhone.png
aPaaS,MSSE,MSSE,,,aPaaS/MSSE.png,D:\Codex\云相关的操作\Draw.IO\official-huaweicloud-product-icons\images\aPaaS\MSSE.png
aPaaS,MSSI,MSSI,,,aPaaS/MSSI.png,D:\Codex\云相关的操作\Draw.IO\official-huaweicloud-product-icons\images\aPaaS\MSSI.png
aPaaS,OrgID,OrgID,,,aPaaS/OrgID.png,D:\Codex\云相关的操作\Draw.IO\official-huaweicloud-product-icons\images\aPaaS\OrgID.png
aPaaS,Versatile,Versatile,,,aPaaS/Versatile.svg,D:\Codex\云相关的操作\Draw.IO\official-huaweicloud-product-icons\images\aPaaS\Versatile.svg
Blockchain,BCS,Blockchain Service (BCS),"Build powerful, secure blockchains",https://www.huaweicloud.com/intl/en-us/product/bcs.html,Blockchain/BCS.png,D:\Codex\云相关的操作\Draw.IO\official-huaweicloud-product-icons\images\Blockchain\BCS.png
BusinessApplications,CEC,Customer Engagement Center (CEC),A multi-channel contact center,https://www.huaweicloud.com/intl/en-us/product/cec.html,BusinessApplications/CEC.png,D:\Codex\云相关的操作\Draw.IO\official-huaweicloud-product-icons\images\BusinessApplications\CEC.png
BusinessApplications,DNS,Domain Name Service (DNS),"Highly available, scalable authoritative resolution",https://www.huaweicloud.com/intl/en-us/product/dns.html,BusinessApplications/DNS.png,D:\Codex\云相关的操作\Draw.IO\official-huaweicloud-product-icons\images\BusinessApplications\DNS.png
BusinessApplications,Domains,Domains,,,BusinessApplications/Domains.png,D:\Codex\云相关的操作\Draw.IO\official-huaweicloud-product-icons\images\BusinessApplications\Domains.png
BusinessApplications,EDCM,Edge Data Center Management,Remote cloud management for data center facilities,https://www.huaweicloud.com/intl/en-us/product/edcm.html,BusinessApplications/EDCM.png,D:\Codex\云相关的操作\Draw.IO\official-huaweicloud-product-icons\images\BusinessApplications\EDCM.png
BusinessApplications,esm,esm,,,BusinessApplications/esm.png,D:\Codex\云相关的操作\Draw.IO\official-huaweicloud-product-icons\images\BusinessApplications\esm.png
BusinessApplications,HaydnCSF,HaydnCSF,,,BusinessApplications/HaydnCSF.png,D:\Codex\云相关的操作\Draw.IO\official-huaweicloud-product-icons\images\BusinessApplications\HaydnCSF.png
BusinessApplications,Meeting,Huawei Cloud Meeting,Enjoy ultra-HD videoconferencing that is both reliable and secure,https://www.huaweicloud.com/intl/en-us/product/meeting.html,BusinessApplications/Meeting.png,D:\Codex\云相关的操作\Draw.IO\official-huaweicloud-product-icons\images\BusinessApplications\Meeting.png
BusinessApplications,WeLink,HUAWEI CLOUD WeLink,Digital collaborative office platform,https://www.huaweicloud.com/intl/en-us/product/welink.html,BusinessApplications/WeLink.png,D:\Codex\云相关的操作\Draw.IO\official-huaweicloud-product-icons\images\BusinessApplications\WeLink.png
BusinessApplications,PrivateNumber,PrivateNumber,,,BusinessApplications/PrivateNumber.png,D:\Codex\云相关的操作\Draw.IO\official-huaweicloud-product-icons\images\BusinessApplications\PrivateNumber.png
BusinessApplications,ROMAConnect,ROMA Connect,"Seamlessly integrate applications, messages, data, APIs, and devices",https://www.huaweicloud.com/intl/en-us/product/roma.html,BusinessApplications/ROMAConnect.png,D:\Codex\云相关的操作\Draw.IO\official-huaweicloud-product-icons\images\BusinessApplications\ROMAConnect.png
BusinessApplications,ROMAExchange,ROMAExchange,,,BusinessApplications/ROMAExchange.png,D:\Codex\云相关的操作\Draw.IO\official-huaweicloud-product-icons\images\BusinessApplications\ROMAExchange.png
BusinessApplications,VoiceCall,VoiceCall,,,BusinessApplications/VoiceCall.png,D:\Codex\云相关的操作\Draw.IO\official-huaweicloud-product-icons\images\BusinessApplications\VoiceCall.png
BusinessApplications,Workspace,Workspace,"Secure, efficient, and out-of-the-box virtual desktops on the cloud",https://www.huaweicloud.com/intl/en-us/product/workspace.html,BusinessApplications/Workspace.png,D:\Codex\云相关的操作\Draw.IO\official-huaweicloud-product-icons\images\BusinessApplications\Workspace.png
Compute,AS,Auto Scaling,Adapt compute resources to changing demand,https://www.huaweicloud.com/intl/en-us/product/as.html,Compute/AS.png,D:\Codex\云相关的操作\Draw.IO\official-huaweicloud-product-icons\images\Compute\AS.png
Compute,BMS,Bare Metal Server (BMS),"Run services on dedicated, powerful physical servers",https://www.huaweicloud.com/intl/en-us/product/bms.html,Compute/BMS.png,D:\Codex\云相关的操作\Draw.IO\official-huaweicloud-product-icons\images\Compute\BMS.png
Compute,CloudDC,Cloud Data Center (CloudDC),Enable quick cloud adoption for your assets,https://www.huaweicloud.com/intl/en-us/product/clouddc.html,Compute/CloudDC.svg,D:\Codex\云相关的操作\Draw.IO\official-huaweicloud-product-icons\images\Compute\CloudDC.svg
Compute,CPH,Cloud Phone Host (CPH),Cloud servers with virtual phone functions,https://www.huaweicloud.com/intl/en-us/product/cph.html,Compute/CPH.png,D:\Codex\云相关的操作\Draw.IO\official-huaweicloud-product-icons\images\Compute\CPH.png
Compute,dcc,Dedicated Computing Cluster (DCC),Physically isolate compute resource pools for your workloads,https://www.huaweicloud.com/intl/en-us/product/dcc.html,Compute/dcc.png,D:\Codex\云相关的操作\Draw.IO\official-huaweicloud-product-icons\images\Compute\dcc.png
Compute,DeH,Dedicated Host (DeH),Ensure performance by keeping compute resources isolated,https://www.huaweicloud.com/intl/en-us/product/deh.html,Compute/DeH.png,D:\Codex\云相关的操作\Draw.IO\official-huaweicloud-product-icons\images\Compute\DeH.png
Compute,ECS,Elastic Cloud Server (ECS),"Get your own secure, scalable virtual servers in the cloud",https://www.huaweicloud.com/intl/en-us/product/ecs.html,Compute/ECS.png,D:\Codex\云相关的操作\Draw.IO\official-huaweicloud-product-icons\images\Compute\ECS.png
Compute,FACS,FACS,,,Compute/FACS.png,D:\Codex\云相关的操作\Draw.IO\official-huaweicloud-product-icons\images\Compute\FACS.png
Compute,FCCI,FCCI,,,Compute/FCCI.png,D:\Codex\云相关的操作\Draw.IO\official-huaweicloud-product-icons\images\Compute\FCCI.png
Compute,FlexusInsight,FlexusInsight,,,Compute/FlexusInsight.svg,D:\Codex\云相关的操作\Draw.IO\official-huaweicloud-product-icons\images\Compute\FlexusInsight.svg
Compute,FlexusMeeting,FlexusMeeting,,,Compute/FlexusMeeting.svg,D:\Codex\云相关的操作\Draw.IO\official-huaweicloud-product-icons\images\Compute\FlexusMeeting.svg
Compute,FlexusMetastudio,FlexusMetastudio,,,Compute/FlexusMetastudio.svg,D:\Codex\云相关的操作\Draw.IO\official-huaweicloud-product-icons\images\Compute\FlexusMetastudio.svg
Compute,FlexusWorkspace,FlexusWorkspace,,,Compute/FlexusWorkspace.svg,D:\Codex\云相关的操作\Draw.IO\official-huaweicloud-product-icons\images\Compute\FlexusWorkspace.svg
Compute,FunctionGraph,FunctionGraph,Run your code without provisioning or managing servers,https://www.huaweicloud.com/intl/en-us/product/functiongraph.html,Compute/FunctionGraph.png,D:\Codex\云相关的操作\Draw.IO\official-huaweicloud-product-icons\images\Compute\FunctionGraph.png
Compute,GACS,GPU Accelerated Cloud Server (GACS),Get servers with excellent floating-point performance,https://www.huaweicloud.com/intl/en-us/product/gpu.html,Compute/GACS.png,D:\Codex\云相关的操作\Draw.IO\official-huaweicloud-product-icons\images\Compute\GACS.png
Compute,Flexus,Huawei Cloud Flexus,Next-generation products with transcendent performance and experience,https://www.huaweicloud.com/intl/en-us/product/flexus.html,Compute/Flexus.png,D:\Codex\云相关的操作\Draw.IO\official-huaweicloud-product-icons\images\Compute\Flexus.png
Compute,FECSL,Huawei Cloud Flexus L Instance,Lightweight servers ready out-of-the-box,https://www.huaweicloud.com/intl/en-us/product/flexus-l.html,Compute/FECSL.png,D:\Codex\云相关的操作\Draw.IO\official-huaweicloud-product-icons\images\Compute\FECSL.png
Compute,FRDS,Huawei Cloud Flexus RDS,Lightweight databases that are easy to set up and manage,https://www.huaweicloud.com/intl/en-us/product/flexus-rds.html,Compute/FRDS.png,D:\Codex\云相关的操作\Draw.IO\official-huaweicloud-product-icons\images\Compute\FRDS.png
Compute,FECSX,Huawei Cloud Flexus X Instance,"Flexible compute, 6x the performance, and stellar experience",https://www.huaweicloud.com/intl/en-us/product/flexus-x.html,Compute/FECSX.png,D:\Codex\云相关的操作\Draw.IO\official-huaweicloud-product-icons\images\Compute\FECSX.png
Compute,HuaweiCloudEulerOS,HuaweiCloudEulerOS,,,Compute/HuaweiCloudEulerOS.png,D:\Codex\云相关的操作\Draw.IO\official-huaweicloud-product-icons\images\Compute\HuaweiCloudEulerOS.png
Compute,IMS,Image Management Service (IMS),Create and deploy servers faster with images,https://www.huaweicloud.com/intl/en-us/product/ims.html,Compute/IMS.png,D:\Codex\云相关的操作\Draw.IO\official-huaweicloud-product-icons\images\Compute\IMS.png
Containers,CCE,Cloud Container Engine (CCE),"Experience enterprise-class, managed Kubernetes service",https://www.huaweicloud.com/intl/en-us/product/cce.html,Containers/CCE.png,D:\Codex\云相关的操作\Draw.IO\official-huaweicloud-product-icons\images\Containers\CCE.png
Containers,CCI,Cloud Container Instance (CCI),Build applications efficiently with serverless containers,https://www.huaweicloud.com/intl/en-us/product/cci.html,Containers/CCI.png,D:\Codex\云相关的操作\Draw.IO\official-huaweicloud-product-icons\images\Containers\CCI.png
Containers,IEF,IEF,,,Containers/IEF.png,D:\Codex\云相关的操作\Draw.IO\official-huaweicloud-product-icons\images\Containers\IEF.png
Containers,SWR,SoftWare Repository for Container (SWR),Manage your container images easily,https://www.huaweicloud.com/intl/en-us/product/swr.html,Containers/SWR.png,D:\Codex\云相关的操作\Draw.IO\official-huaweicloud-product-icons\images\Containers\SWR.png
Containers,UCS,Ubiquitous Cloud Native Service (UCS),Extend cloud native to where your business goes,https://www.huaweicloud.com/intl/en-us/product/ucs.html,Containers/UCS.png,D:\Codex\云相关的操作\Draw.IO\official-huaweicloud-product-icons\images\Containers\UCS.png
ContentDeliveryEdgeComputing,IES,CloudPond,Deploy integrated racks and cloud services on customer's facilities,https://www.huaweicloud.com/intl/en-us/product/cloudpond.html,ContentDeliveryEdgeComputing/IES.png,D:\Codex\云相关的操作\Draw.IO\official-huaweicloud-product-icons\images\ContentDeliveryEdgeComputing\IES.png
ContentDeliveryEdgeComputing,CDN,Content Delivery Network (CDN),"Get content to users on this fast, scalable, and secure network",https://www.huaweicloud.com/intl/en-us/product/cdn.html,ContentDeliveryEdgeComputing/CDN.png,D:\Codex\云相关的操作\Draw.IO\official-huaweicloud-product-icons\images\ContentDeliveryEdgeComputing\CDN.png
ContentDeliveryEdgeComputing,IEC,Intelligent Edge Cloud (IEC),Deploy cloud services near you for low latency,https://www.huaweicloud.com/intl/en-us/product/iec.html,ContentDeliveryEdgeComputing/IEC.png,D:\Codex\云相关的操作\Draw.IO\official-huaweicloud-product-icons\images\ContentDeliveryEdgeComputing\IEC.png
ContentDeliveryEdgeComputing,WSA,Whole Site Acceleration (WSA),Speed up customer access to both your static and dynamic content,https://www.huaweicloud.com/intl/en-us/product/wsa.html,ContentDeliveryEdgeComputing/WSA.png,D:\Codex\云相关的操作\Draw.IO\official-huaweicloud-product-icons\images\ContentDeliveryEdgeComputing\WSA.png
Databases,DAS,Data Admin Service (DAS),Manage your online databases with ease,https://www.huaweicloud.com/intl/en-us/product/das.html,Databases/DAS.png,D:\Codex\云相关的操作\Draw.IO\official-huaweicloud-product-icons\images\Databases\DAS.png
Databases,DRS,Data Replication Service (DRS),Migrate your databases with minimal downtime,https://www.huaweicloud.com/intl/en-us/product/drs.html,Databases/DRS.png,D:\Codex\云相关的操作\Draw.IO\official-huaweicloud-product-icons\images\Databases\DRS.png
Databases,UGO,Database and Application Migration UGO,Migrate heterogeneous database schemas,https://www.huaweicloud.com/intl/en-us/product/ugo.html,Databases/UGO.png,D:\Codex\云相关的操作\Draw.IO\official-huaweicloud-product-icons\images\Databases\UGO.png
Databases,DDM,Distributed Database Middleware (DDM),Scale out resources to handle massive volumes of concurrent requests,https://www.huaweicloud.com/intl/en-us/product/ddm.html,Databases/DDM.png,D:\Codex\云相关的操作\Draw.IO\official-huaweicloud-product-icons\images\Databases\DDM.png
Databases,DDS,Document Database Service (DDS),A scalable document database deployed in a cluster or replica set,https://www.huaweicloud.com/intl/en-us/product/dds.html,Databases/DDS.png,D:\Codex\云相关的操作\Draw.IO\official-huaweicloud-product-icons\images\Databases\DDS.png
Databases,GaussDB,GaussDB,"An enterprise-grade, distributed relational database",https://www.huaweicloud.com/intl/en-us/product/gaussdb.html,Databases/GaussDB.png,D:\Codex\云相关的操作\Draw.IO\official-huaweicloud-product-icons\images\Databases\GaussDB.png
Databases,GaussDBfornosql,GeminiDB,A cloud-native multi-model database compatible with mainstream NoSQL database protocols,https://www.huaweicloud.com/intl/en-us/product/geminidb.html,Databases/GaussDBfornosql.png,D:\Codex\云相关的操作\Draw.IO\official-huaweicloud-product-icons\images\Databases\GaussDBfornosql.png
Databases,RDSforMariaDB,RDS for MariaDB,Power up your fully managed MariaDB,https://www.huaweicloud.com/intl/en-us/product/mariadb.html,Databases/RDSforMariaDB.png,D:\Codex\云相关的操作\Draw.IO\official-huaweicloud-product-icons\images\Databases\RDSforMariaDB.png
Databases,RDSforMySQL,RDS for MySQL,"Power your LAMP stack with this popular, open-source database",https://www.huaweicloud.com/intl/en-us/product/mysql.html,Databases/RDSforMySQL.png,D:\Codex\云相关的操作\Draw.IO\official-huaweicloud-product-icons\images\Databases\RDSforMySQL.png
Databases,RDSforPostgreSQL,RDS for PostgreSQL,An open-source database that ensures data reliability and integrity,https://www.huaweicloud.com/intl/en-us/product/pg.html,Databases/RDSforPostgreSQL.png,D:\Codex\云相关的操作\Draw.IO\official-huaweicloud-product-icons\images\Databases\RDSforPostgreSQL.png
Databases,RDSforSQLServer,RDSforSQLServer,,,Databases/RDSforSQLServer.png,D:\Codex\云相关的操作\Draw.IO\official-huaweicloud-product-icons\images\Databases\RDSforSQLServer.png
Databases,GaussDBforMySQL,TaurusDB,A MySQL-compatible enterprise-grade database,https://www.huaweicloud.com/intl/en-us/product/taurusdb.html,Databases/GaussDBforMySQL.png,D:\Codex\云相关的操作\Draw.IO\official-huaweicloud-product-icons\images\Databases\GaussDBforMySQL.png
DeveloperServices,AstroPro,AstroPro,,,DeveloperServices/AstroPro.png,D:\Codex\云相关的操作\Draw.IO\official-huaweicloud-product-icons\images\DeveloperServices\AstroPro.png
DeveloperServices,CAE,Cloud Application Engine (CAE),A service provides fully managed environment for deploying applications,https://www.huaweicloud.com/intl/en-us/product/cae.html,DeveloperServices/CAE.png,D:\Codex\云相关的操作\Draw.IO\official-huaweicloud-product-icons\images\DeveloperServices\CAE.png
DeveloperServices,CodeArts,CodeArts,Develop software with built-in Huawei expertise,https://www.huaweicloud.com/intl/en-us/product/devcloud.html,DeveloperServices/CodeArts.png,D:\Codex\云相关的操作\Draw.IO\official-huaweicloud-product-icons\images\DeveloperServices\CodeArts.png
DeveloperServices,CodeArtsArtifact,CodeArts Artifact,"Secure, reliable artifacts for software development",https://www.huaweicloud.com/intl/en-us/product/cloudrelease.html,DeveloperServices/CodeArtsArtifact.png,D:\Codex\云相关的操作\Draw.IO\official-huaweicloud-product-icons\images\DeveloperServices\CodeArtsArtifact.png
DeveloperServices,CodeArtsBuild,CodeArts Build,Build code with out-of-the-box capabilities,https://www.huaweicloud.com/intl/en-us/product/cloudbuild.html,DeveloperServices/CodeArtsBuild.png,D:\Codex\云相关的操作\Draw.IO\official-huaweicloud-product-icons\images\DeveloperServices\CodeArtsBuild.png
DeveloperServices,CodeArtsCheck,CodeArts Check,"Manage code quality with diverse standards, guidelines, and rules",https://www.huaweicloud.com/intl/en-us/product/codecheck.html,DeveloperServices/CodeArtsCheck.png,D:\Codex\云相关的操作\Draw.IO\official-huaweicloud-product-icons\images\DeveloperServices\CodeArtsCheck.png
DeveloperServices,CodeArtsDeploy,CodeArts Deploy,Visualize and simplify code deployments,https://www.huaweicloud.com/intl/en-us/product/clouddeploy.html,DeveloperServices/CodeArtsDeploy.png,D:\Codex\云相关的操作\Draw.IO\official-huaweicloud-product-icons\images\DeveloperServices\CodeArtsDeploy.png
DeveloperServices,DevSecurity,CodeArts Governance,Identify open-source software risks,https://www.huaweicloud.com/intl/en-us/product/codeartsgovernance.html,DeveloperServices/DevSecurity.png,D:\Codex\云相关的操作\Draw.IO\official-huaweicloud-product-icons\images\DeveloperServices\DevSecurity.png
DeveloperServices,CodeArtsPerfTest,CodeArts PerfTest,Test the performance of your applications,https://www.huaweicloud.com/intl/en-us/product/cpts.html,DeveloperServices/CodeArtsPerfTest.png,D:\Codex\云相关的操作\Draw.IO\official-huaweicloud-product-icons\images\DeveloperServices\CodeArtsPerfTest.png
DeveloperServices,CodeArtsPipeline,CodeArts Pipeline,Visualize and customize continuous delivery,https://www.huaweicloud.com/intl/en-us/product/cloudpipeline.html,DeveloperServices/CodeArtsPipeline.png,D:\Codex\云相关的操作\Draw.IO\official-huaweicloud-product-icons\images\DeveloperServices\CodeArtsPipeline.png
DeveloperServices,CodeArtsRepo,CodeArts Repo,Host your code in private Git repositories,https://www.huaweicloud.com/intl/en-us/product/codehub.html,DeveloperServices/CodeArtsRepo.png,D:\Codex\云相关的操作\Draw.IO\official-huaweicloud-product-icons\images\DeveloperServices\CodeArtsRepo.png
DeveloperServices,CodeArtsReq,CodeArts Req,Manage R&D requirements efficiently,https://www.huaweicloud.com/intl/en-us/product/projectman.html,DeveloperServices/CodeArtsReq.png,D:\Codex\云相关的操作\Draw.IO\official-huaweicloud-product-icons\images\DeveloperServices\CodeArtsReq.png
DeveloperServices,CodeArtsTestPlan,CodeArts TestPlan,A one-stop test management platform,https://www.huaweicloud.com/intl/en-us/product/cloudtest.html,DeveloperServices/CodeArtsTestPlan.png,D:\Codex\云相关的操作\Draw.IO\official-huaweicloud-product-icons\images\DeveloperServices\CodeArtsTestPlan.png
DeveloperServices,CodeArtsIDE,CodeArtsIDE,,,DeveloperServices/CodeArtsIDE.png,D:\Codex\云相关的操作\Draw.IO\official-huaweicloud-product-icons\images\DeveloperServices\CodeArtsIDE.png
DeveloperServices,CodeArtsIDEOnline,CodeArtsIDEOnline,,,DeveloperServices/CodeArtsIDEOnline.png,D:\Codex\云相关的操作\Draw.IO\official-huaweicloud-product-icons\images\DeveloperServices\CodeArtsIDEOnline.png
DeveloperServices,Flow,Flow,,,DeveloperServices/Flow.png,D:\Codex\云相关的操作\Draw.IO\official-huaweicloud-product-icons\images\DeveloperServices\Flow.png
DeveloperServices,AstroZero,Huawei Cloud Astro Zero,Develop in low code,https://www.huaweicloud.com/intl/en-us/product/appcube.html,DeveloperServices/AstroZero.png,D:\Codex\云相关的操作\Draw.IO\official-huaweicloud-product-icons\images\DeveloperServices\AstroZero.png
DeveloperServices,MSGSMS,Message & SMS,SMS solutions from multiple carriers and channels,https://www.huaweicloud.com/intl/en-us/product/msgsms.html,DeveloperServices/MSGSMS.png,D:\Codex\云相关的操作\Draw.IO\official-huaweicloud-product-icons\images\DeveloperServices\MSGSMS.png
DeveloperServices,Mirrors,Mirrors,,,DeveloperServices/Mirrors.png,D:\Codex\云相关的操作\Draw.IO\official-huaweicloud-product-icons\images\DeveloperServices\Mirrors.png
DeveloperServices,MobileAPPTest,MobileAPPTest,,,DeveloperServices/MobileAPPTest.png,D:\Codex\云相关的操作\Draw.IO\official-huaweicloud-product-icons\images\DeveloperServices\MobileAPPTest.png
DeveloperServices,ServiceStage,ServiceStage,A one-stop PaaS service for enterprises,https://www.huaweicloud.com/intl/en-us/product/servicestage.html,DeveloperServices/ServiceStage.png,D:\Codex\云相关的操作\Draw.IO\official-huaweicloud-product-icons\images\DeveloperServices\ServiceStage.png
HuaweiCloudStack,huaweicloudstack,Huawei Cloud Stack,"An on-premises, full-stack cloud",https://www.huaweicloud.com/intl/en-us/product/huaweicloudstack.html,HuaweiCloudStack/huaweicloudstack.png,D:\Codex\云相关的操作\Draw.IO\official-huaweicloud-product-icons\images\HuaweiCloudStack\huaweicloudstack.png
Industrialsoftware,iDEE,iDEE,,,Industrialsoftware/iDEE.png,D:\Codex\云相关的操作\Draw.IO\official-huaweicloud-product-icons\images\Industrialsoftware\iDEE.png
Industrialsoftware,IDT,IDT,,,Industrialsoftware/IDT.png,D:\Codex\云相关的操作\Draw.IO\official-huaweicloud-product-icons\images\Industrialsoftware\IDT.png
Industrialsoftware,IPDCenter,IPDCenter,,,Industrialsoftware/IPDCenter.png,D:\Codex\云相关的操作\Draw.IO\official-huaweicloud-product-icons\images\Industrialsoftware\IPDCenter.png
InternetofThings,GSL,Global SIM Link (GSL),Manage IoT SIM cards in one place,https://www.huaweicloud.com/intl/en-us/product/gsl.html,InternetofThings/GSL.png,D:\Codex\云相关的操作\Draw.IO\official-huaweicloud-product-icons\images\InternetofThings\GSL.png
InternetofThings,IoTDA,IoT Device Access (IoTDA),Access device fleets securely and reliably,https://www.huaweicloud.com/intl/en-us/product/iotda.html,InternetofThings/IoTDA.png,D:\Codex\云相关的操作\Draw.IO\official-huaweicloud-product-icons\images\InternetofThings\IoTDA.png
InternetofThings,IoTDM,IoT Device Management (IoTDM),Access hundreds of millions of devices stably,https://www.huaweicloud.com/intl/en-us/product/iot.html,InternetofThings/IoTDM.png,D:\Codex\云相关的操作\Draw.IO\official-huaweicloud-product-icons\images\InternetofThings\IoTDM.png
InternetofThings,IoTEdge,IoTEdge,,,InternetofThings/IoTEdge.png,D:\Codex\云相关的操作\Draw.IO\official-huaweicloud-product-icons\images\InternetofThings\IoTEdge.png
InternetofThings,IoTStage,IoTStage,,,InternetofThings/IoTStage.png,D:\Codex\云相关的操作\Draw.IO\official-huaweicloud-product-icons\images\InternetofThings\IoTStage.png
ManagementGovernance,AOM,Application Operations Management (AOM),A one-stop O&M platform for cloud resources and applications,https://www.huaweicloud.com/intl/en-us/product/aom.html,ManagementGovernance/AOM.png,D:\Codex\云相关的操作\Draw.IO\official-huaweicloud-product-icons\images\ManagementGovernance\AOM.png
ManagementGovernance,APM,Application Performance Management (APM),Monitor application performance in near real time,https://www.huaweicloud.com/intl/en-us/product/apm.html,ManagementGovernance/APM.png,D:\Codex\云相关的操作\Draw.IO\official-huaweicloud-product-icons\images\ManagementGovernance\APM.png
ManagementGovernance,CES,Cloud Eye,"Monitor your cloud resources, events, and websites",https://www.huaweicloud.com/intl/en-us/product/ces.html,ManagementGovernance/CES.png,D:\Codex\云相关的操作\Draw.IO\official-huaweicloud-product-icons\images\ManagementGovernance\CES.png
ManagementGovernance,COC,Cloud Operations Center (COC),"Enjoy secure, efficient, one-stop O&M services",https://www.huaweicloud.com/intl/en-us/product/coc.html,ManagementGovernance/COC.png,D:\Codex\云相关的操作\Draw.IO\official-huaweicloud-product-icons\images\ManagementGovernance\COC.png
ManagementGovernance,CTS,Cloud Trace Service (CTS),Track operations made on your cloud resources,https://www.huaweicloud.com/intl/en-us/product/cts.html,ManagementGovernance/CTS.png,D:\Codex\云相关的操作\Draw.IO\official-huaweicloud-product-icons\images\ManagementGovernance\CTS.png
ManagementGovernance,RMS,Config,Track global resource configurations and changes,https://www.huaweicloud.com/intl/en-us/product/rms.html,ManagementGovernance/RMS.png,D:\Codex\云相关的操作\Draw.IO\official-huaweicloud-product-icons\images\ManagementGovernance\RMS.png
ManagementGovernance,IAM,Identity and Access Management (IAM),Securely manage access to your services and resources,https://www.huaweicloud.com/intl/en-us/product/iam.html,ManagementGovernance/IAM.png,D:\Codex\云相关的操作\Draw.IO\official-huaweicloud-product-icons\images\ManagementGovernance\IAM.png
ManagementGovernance,LTS,Log Tank Service (LTS),"Collect, query, and store logs",https://www.huaweicloud.com/intl/en-us/product/lts.html,ManagementGovernance/LTS.png,D:\Codex\云相关的操作\Draw.IO\official-huaweicloud-product-icons\images\ManagementGovernance\LTS.png
ManagementGovernance,OneAccess,OneAccess,,,ManagementGovernance/OneAccess.png,D:\Codex\云相关的操作\Draw.IO\official-huaweicloud-product-icons\images\ManagementGovernance\OneAccess.png
ManagementGovernance,OA,Optimization Advisor (OA),Identify potential risks of cloud resources and get personalized recommendations,https://www.huaweicloud.com/intl/en-us/product/oa.html,ManagementGovernance/OA.png,D:\Codex\云相关的操作\Draw.IO\official-huaweicloud-product-icons\images\ManagementGovernance\OA.png
ManagementGovernance,Organizations,Organizations,Govern multiple accounts within your organization,https://www.huaweicloud.com/intl/en-us/product/organizations.html,ManagementGovernance/Organizations.png,D:\Codex\云相关的操作\Draw.IO\official-huaweicloud-product-icons\images\ManagementGovernance\Organizations.png
ManagementGovernance,RAM,Resource Access Manager (RAM),Securely share resources across accounts,https://www.huaweicloud.com/intl/en-us/product/ram.html,ManagementGovernance/RAM.png,D:\Codex\云相关的操作\Draw.IO\official-huaweicloud-product-icons\images\ManagementGovernance\RAM.png
ManagementGovernance,RFS,Resource Formation Service (RFS),Automatically build cloud service resources in batches,https://www.huaweicloud.com/intl/en-us/product/aos.html,ManagementGovernance/RFS.png,D:\Codex\云相关的操作\Draw.IO\official-huaweicloud-product-icons\images\ManagementGovernance\RFS.png
ManagementGovernance,RGC,Resource Governance Center (RGC),"Set up and govern a secure, scalable multi-account cloud environment",https://www.huaweicloud.com/intl/en-us/product/rgc.html,ManagementGovernance/RGC.png,D:\Codex\云相关的操作\Draw.IO\official-huaweicloud-product-icons\images\ManagementGovernance\RGC.png
ManagementGovernance,SMN,Simple Message Notification (SMN),"Send messages to email addresses, phone numbers, and HTTP/HTTPS servers at scale",https://www.huaweicloud.com/intl/en-us/product/smn.html,ManagementGovernance/SMN.png,D:\Codex\云相关的操作\Draw.IO\official-huaweicloud-product-icons\images\ManagementGovernance\SMN.png
MediaServices,Live,Live,Secure and reliable livestreaming with low latency,https://www.huaweicloud.com/intl/en-us/product/live.html,MediaServices/Live.png,D:\Codex\云相关的操作\Draw.IO\official-huaweicloud-product-icons\images\MediaServices\Live.png
MediaServices,MPC,Media Processing Center (MPC),"Cost-effective, scalable media transcoding",https://www.huaweicloud.com/intl/en-us/product/mpc.html,MediaServices/MPC.png,D:\Codex\云相关的操作\Draw.IO\official-huaweicloud-product-icons\images\MediaServices\MPC.png
MediaServices,MetaStudio,MetaStudio,One-stop digital content production pipeline,https://www.huaweicloud.com/intl/en-us/product/metastudio.html,MediaServices/MetaStudio.png,D:\Codex\云相关的操作\Draw.IO\official-huaweicloud-product-icons\images\MediaServices\MetaStudio.png
MediaServices,VOD,Video on Demand (VOD),"Enjoy a secure, smooth, and customizable VOD service",https://www.huaweicloud.com/intl/en-us/product/vod.html,MediaServices/VOD.png,D:\Codex\云相关的操作\Draw.IO\official-huaweicloud-product-icons\images\MediaServices\VOD.png
Middleware,APIG,API Gateway (APIG),"Build, manage, and deploy APIs at any scale",https://www.huaweicloud.com/intl/en-us/product/apig.html,Middleware/APIG.png,D:\Codex\云相关的操作\Draw.IO\official-huaweicloud-product-icons\images\Middleware\APIG.png
Middleware,CSE,Cloud Service Engine (CSE),"Cover microservice application registration, discovery, configuration management, and governance",https://www.huaweicloud.com/intl/en-us/product/cse.html,Middleware/CSE.png,D:\Codex\云相关的操作\Draw.IO\official-huaweicloud-product-icons\images\Middleware\CSE.png
Middleware,Redis,Distributed Cache Service (DCS),An in-memory caching service compatible with Redis®,https://www.huaweicloud.com/intl/en-us/product/dcs.html,Middleware/Redis.png,D:\Codex\云相关的操作\Draw.IO\official-huaweicloud-product-icons\images\Middleware\Redis.png
Middleware,Memcached,Distributed Cache Service (DCS) for Memcached,A high-performance distributed caching system,https://www.huaweicloud.com/intl/en-us/product/dcsmem.html,Middleware/Memcached.png,D:\Codex\云相关的操作\Draw.IO\official-huaweicloud-product-icons\images\Middleware\Memcached.png
Middleware,DMS,Distributed Message Service (DMS),A high-performance managed message queue service,https://www.huaweicloud.com/intl/en-us/product/dms.html,Middleware/DMS.png,D:\Codex\云相关的操作\Draw.IO\official-huaweicloud-product-icons\images\Middleware\DMS.png
Middleware,Kafka,Distributed Message Service (DMS) for Kafka,"A fully managed, highly reliable message middleware service",https://www.huaweicloud.com/intl/en-us/product/dmskafka.html,Middleware/Kafka.png,D:\Codex\云相关的操作\Draw.IO\official-huaweicloud-product-icons\images\Middleware\Kafka.png
Middleware,RabbitMQ,Distributed Message Service (DMS) for RabbitMQ,"Open-source compatibility, AMQP supported",https://www.huaweicloud.com/intl/en-us/product/rabbitmq.html,Middleware/RabbitMQ.png,D:\Codex\云相关的操作\Draw.IO\official-huaweicloud-product-icons\images\Middleware\RabbitMQ.png
Middleware,ROCKETMQ,Distributed Message Service (DMS) for RocketMQ,"Open-source compatibility, low latency, high reliability",https://www.huaweicloud.com/intl/en-us/product/rocketmq.html,Middleware/ROCKETMQ.png,D:\Codex\云相关的操作\Draw.IO\official-huaweicloud-product-icons\images\Middleware\ROCKETMQ.png
Middleware,EG,EG,,,Middleware/EG.png,D:\Codex\云相关的操作\Draw.IO\official-huaweicloud-product-icons\images\Middleware\EG.png
Middleware,MAS,Multi-Site High Availability Service (MAS),E2E service failover and DR drills,https://www.huaweicloud.com/intl/en-us/product/mas.html,Middleware/MAS.png,D:\Codex\云相关的操作\Draw.IO\official-huaweicloud-product-icons\images\Middleware\MAS.png
Migration,CDM,Cloud Data Migration (CDM),Migrate data between homogeneous and heterogeneous sources,https://www.huaweicloud.com/intl/en-us/product/cdm.html,Migration/CDM.png,D:\Codex\云相关的操作\Draw.IO\official-huaweicloud-product-icons\images\Migration\CDM.png
Migration,MGC,Migration Center (MgC),Simplify and accelerate cloud migration and modernization,https://www.huaweicloud.com/intl/en-us/product/mgc.html,Migration/MGC.png,D:\Codex\云相关的操作\Draw.IO\official-huaweicloud-product-icons\images\Migration\MGC.png
Migration,OMS,Object Storage Migration Service (OMS),Migrate data in object storage to Huawei Cloud,https://www.huaweicloud.com/intl/en-us/product/oms.html,Migration/OMS.png,D:\Codex\云相关的操作\Draw.IO\official-huaweicloud-product-icons\images\Migration\OMS.png
Migration,SMS,Server Migration Service (SMS),Migrate servers in IDC or other clouds to Huawei Cloud,https://www.huaweicloud.com/intl/en-us/product/sms.html,Migration/SMS.png,D:\Codex\云相关的操作\Draw.IO\official-huaweicloud-product-icons\images\Migration\SMS.png
Networking,CC,Cloud Connect,Connect VPCs across regions,https://www.huaweicloud.com/intl/en-us/product/cc.html,Networking/CC.png,D:\Codex\云相关的操作\Draw.IO\official-huaweicloud-product-icons\images\Networking\CC.png
Networking,DC,Direct Connect,Establish dedicated network connections to Huawei Cloud,https://www.huaweicloud.com/intl/en-us/product/dc.html,Networking/DC.png,D:\Codex\云相关的操作\Draw.IO\official-huaweicloud-product-icons\images\Networking\DC.png
Networking,EIP,Elastic IP (EIP),Create highly available systems with static public IP addresses,https://www.huaweicloud.com/intl/en-us/product/eip.html,Networking/EIP.png,D:\Codex\云相关的操作\Draw.IO\official-huaweicloud-product-icons\images\Networking\EIP.png
Networking,ELB,Elastic Load Balance (ELB),Distribute incoming traffic across multiple backend servers,https://www.huaweicloud.com/intl/en-us/product/elb.html,Networking/ELB.png,D:\Codex\云相关的操作\Draw.IO\official-huaweicloud-product-icons\images\Networking\ELB.png
Networking,ER,Enterprise Router,Connect your VPCs and on-premises networks simply and easily,https://www.huaweicloud.com/intl/en-us/product/er.html,Networking/ER.png,D:\Codex\云相关的操作\Draw.IO\official-huaweicloud-product-icons\images\Networking\ER.png
Networking,ESW,Enterprise Switch,Connect cloud and on-premises networks at Layer 2,https://www.huaweicloud.com/intl/en-us/product/esw.html,Networking/ESW.png,D:\Codex\云相关的操作\Draw.IO\official-huaweicloud-product-icons\images\Networking\ESW.png
Networking,GA,Global Accelerator,Accelerate access over Huawei Cloud backbone network,https://www.huaweicloud.com/intl/en-us/product/ga.html,Networking/GA.png,D:\Codex\云相关的操作\Draw.IO\official-huaweicloud-product-icons\images\Networking\GA.png
Networking,NAT,NAT Gateway (NAT),Enable network address translation for cloud and on-premises servers,https://www.huaweicloud.com/intl/en-us/product/nat.html,Networking/NAT.png,D:\Codex\云相关的操作\Draw.IO\official-huaweicloud-product-icons\images\Networking\NAT.png
Networking,VPC,Virtual Private Cloud (VPC),"Guard your system with isolated, private networks",https://www.huaweicloud.com/intl/en-us/product/vpc.html,Networking/VPC.png,D:\Codex\云相关的操作\Draw.IO\official-huaweicloud-product-icons\images\Networking\VPC.png
Networking,VPN,Virtual Private Network (VPN),Connect your local data center to the cloud through secure and reliable IPsec connections,https://www.huaweicloud.com/intl/en-us/product/vpn.html,Networking/VPN.png,D:\Codex\云相关的操作\Draw.IO\official-huaweicloud-product-icons\images\Networking\VPN.png
Networking,VPCEP,VPC Endpoint (VPCEP),Set up private connections between VPCs,https://www.huaweicloud.com/intl/en-us/product/vpcep.html,Networking/VPCEP.png,D:\Codex\云相关的操作\Draw.IO\official-huaweicloud-product-icons\images\Networking\VPCEP.png
SecurityCompliance,AAD,Anti-DDoS Service (AAD),Swiftly mitigate cyberattacks that could disrupt services,https://www.huaweicloud.com/intl/en-us/product/aad.html,SecurityCompliance/AAD.png,D:\Codex\云相关的操作\Draw.IO\official-huaweicloud-product-icons\images\SecurityCompliance\AAD.png
SecurityCompliance,CBH,Cloud Bastion Host (CBH),"Manage servers, control permissions, and audit O&M",https://www.huaweicloud.com/intl/en-us/product/cbh.html,SecurityCompliance/CBH.png,D:\Codex\云相关的操作\Draw.IO\official-huaweicloud-product-icons\images\SecurityCompliance\CBH.png
SecurityCompliance,SSL,Cloud Certificate & Manager (CCM),Manage SSL and private certificates,https://www.huaweicloud.com/intl/en-us/product/ccm.html,SecurityCompliance/SSL.png,D:\Codex\云相关的操作\Draw.IO\official-huaweicloud-product-icons\images\SecurityCompliance\SSL.png
SecurityCompliance,CFW,Cloud Firewall (CFW),Control traffic and prevent intrusions,https://www.huaweicloud.com/intl/en-us/product/cfw.html,SecurityCompliance/CFW.png,D:\Codex\云相关的操作\Draw.IO\official-huaweicloud-product-icons\images\SecurityCompliance\CFW.png
SecurityCompliance,DEW,Data Encryption Workshop (DEW),Encrypt data and manage keys on the cloud,https://www.huaweicloud.com/intl/en-us/product/dew.html,SecurityCompliance/DEW.png,D:\Codex\云相关的操作\Draw.IO\official-huaweicloud-product-icons\images\SecurityCompliance\DEW.png
SecurityCompliance,DSC,Data Security Center (DSC),Cloud native data security governance platform,https://www.huaweicloud.com/intl/en-us/product/dsc.html,SecurityCompliance/DSC.png,D:\Codex\云相关的操作\Draw.IO\official-huaweicloud-product-icons\images\SecurityCompliance\DSC.png
SecurityCompliance,DBSS,Database Security Service (DBSS),Audit databases and detect SQL injections,https://www.huaweicloud.com/intl/en-us/product/dbss.html,SecurityCompliance/DBSS.png,D:\Codex\云相关的操作\Draw.IO\official-huaweicloud-product-icons\images\SecurityCompliance\DBSS.png
SecurityCompliance,EdgeSec,Edge Security (EdgeSec),Protect edge applications while improving acceleration,https://www.huaweicloud.com/intl/en-us/product/edgesec.html,SecurityCompliance/EdgeSec.png,D:\Codex\云相关的操作\Draw.IO\official-huaweicloud-product-icons\images\SecurityCompliance\EdgeSec.png
SecurityCompliance,HSS,Host Security Service (HSS),"Manage assets, prevent intrusions, and eliminate vulnerabilities",https://www.huaweicloud.com/intl/en-us/product/hss.html,SecurityCompliance/HSS.png,D:\Codex\云相关的操作\Draw.IO\official-huaweicloud-product-icons\images\SecurityCompliance\HSS.png
SecurityCompliance,IVM,Industry Video Management Service (IVM),Unified device management for machine vision equipment,https://www.huaweicloud.com/intl/en-us/product/ivm.html,SecurityCompliance/IVM.png,D:\Codex\云相关的操作\Draw.IO\official-huaweicloud-product-icons\images\SecurityCompliance\IVM.png
SecurityCompliance,SecMaster,SecMaster,"Intelligent, next-gen cloud native security operations center",https://www.huaweicloud.com/intl/en-us/product/secmaster.html,SecurityCompliance/SecMaster.png,D:\Codex\云相关的操作\Draw.IO\official-huaweicloud-product-icons\images\SecurityCompliance\SecMaster.png
SecurityCompliance,VSS,VSS,,,SecurityCompliance/VSS.png,D:\Codex\云相关的操作\Draw.IO\official-huaweicloud-product-icons\images\SecurityCompliance\VSS.png
SecurityCompliance,WAF,Web Application Firewall (WAF),Shield web apps and websites against emerging threats 24/7,https://www.huaweicloud.com/intl/en-us/product/waf.html,SecurityCompliance/WAF.png,D:\Codex\云相关的操作\Draw.IO\official-huaweicloud-product-icons\images\SecurityCompliance\WAF.png
Storage,SDRS,Business Recovery Service (BRS),"Enjoy cross-AZ, zero-RPO data protection for your ECSs",https://www.huaweicloud.com/intl/en-us/product/sdrs.html,Storage/SDRS.png,D:\Codex\云相关的操作\Draw.IO\official-huaweicloud-product-icons\images\Storage\SDRS.png
Storage,CBR,Cloud Backup and Recovery (CBR),Centrally manage backups of your cloud and on-premises resources,https://www.huaweicloud.com/intl/en-us/product/cbr.html,Storage/CBR.png,D:\Codex\云相关的操作\Draw.IO\official-huaweicloud-product-icons\images\Storage\CBR.png
Storage,CSBS,Cloud Server Backup Service (CSBS),Consistently back up disks on your cloud servers,https://www.huaweicloud.com/intl/en-us/product/csbs.html,Storage/CSBS.png,D:\Codex\云相关的操作\Draw.IO\official-huaweicloud-product-icons\images\Storage\CSBS.png
Storage,CSG,CSG,,,Storage/CSG.png,D:\Codex\云相关的操作\Draw.IO\official-huaweicloud-product-icons\images\Storage\CSG.png
Storage,DES,Data Express Service (DES),Transmit massive volumes of data safely and quickly to Huawei Cloud,https://www.huaweicloud.com/intl/en-us/product/des.html,Storage/DES.png,D:\Codex\云相关的操作\Draw.IO\official-huaweicloud-product-icons\images\Storage\DES.png
Storage,DSS,Dedicated Distributed Storage Service (DSS),"Get dedicated, physical block storage",https://www.huaweicloud.com/intl/en-us/product/dss.html,Storage/DSS.png,D:\Codex\云相关的操作\Draw.IO\official-huaweicloud-product-icons\images\Storage\DSS.png
Storage,DWR,DWR,,,Storage/DWR.png,D:\Codex\云相关的操作\Draw.IO\official-huaweicloud-product-icons\images\Storage\DWR.png
Storage,EVS,Elastic Volume Service (EVS),Give your servers persistent block storage,https://www.huaweicloud.com/intl/en-us/product/evs.html,Storage/EVS.png,D:\Codex\云相关的操作\Draw.IO\official-huaweicloud-product-icons\images\Storage\EVS.png
Storage,EMS,EMS,,,Storage/EMS.svg,D:\Codex\云相关的操作\Draw.IO\official-huaweicloud-product-icons\images\Storage\EMS.svg
Storage,FlexusOBS,FlexusOBS,,,Storage/FlexusOBS.svg,D:\Codex\云相关的操作\Draw.IO\official-huaweicloud-product-icons\images\Storage\FlexusOBS.svg
Storage,KVS,KVS,,,Storage/KVS.png,D:\Codex\云相关的操作\Draw.IO\official-huaweicloud-product-icons\images\Storage\KVS.png
Storage,OBS,Object Storage Service (OBS),"Take advantage of infinitely scalable, durable, and secure object storage",https://www.huaweicloud.com/intl/en-us/product/obs.html,Storage/OBS.png,D:\Codex\云相关的操作\Draw.IO\official-huaweicloud-product-icons\images\Storage\OBS.png
Storage,SFS,Scalable File Service (SFS),Enjoy fully hosted NAS file systems,https://www.huaweicloud.com/intl/en-us/product/sfs.html,Storage/SFS.png,D:\Codex\云相关的操作\Draw.IO\official-huaweicloud-product-icons\images\Storage\SFS.png
Storage,SFSTurbo,Scalable File Service Turbo (SFS Turbo),"Enjoy high-bandwidth, low-latency access to fully-hosted shared file systems",https://www.huaweicloud.com/intl/en-us/product/sfsturbo.html,Storage/SFSTurbo.png,D:\Codex\云相关的操作\Draw.IO\official-huaweicloud-product-icons\images\Storage\SFSTurbo.png
Storage,VBS,Volume Backup Service (VBS),Back up cloud disks on running servers,https://www.huaweicloud.com/intl/en-us/product/vbs.html,Storage/VBS.png,D:\Codex\云相关的操作\Draw.IO\official-huaweicloud-product-icons\images\Storage\VBS.png
